City,State,County,lat,lng,street_view_update,county
Christopher,IL,38.54232483640168,-90.00790614246863,29.5
Kampsville,IL,39.298740000000066,-90.61067999999995,33
Millstadt,IL,38.4580629811612,-90.10276432728202,31
Hickory Hills,IL,38.48995080257666,-89.89855993015733,46
Strasburg,IL,39.35261266268148,-88.62388433040717,14
Barstow,IL,41.519563572312386,-90.35043365737806,94
Mokena,IL,41.53087190431349,-87.88584123998756,9
Viola,IL,38.320510500000005,-88.90928775,55.5
Equality,IL,37.7599852992042,-88.3370930933245,69
Elizabethtown,IL,37.45093000000003,-88.30157999999994,13
Irving,IL,39.83702258148409,-88.89767699175712,85
Carrier Mills,IL,41.027349939980496,-89.04955298250056,72.5
Wyanet,IL,41.55414314193573,-89.584461577488,69.5
Perry,IL,37.44501397226779,-88.43992580341414,80.33333333333333
Robbins,IL,41.87740049999999,-88.15301099999999,39.2
Harmon,IL,39.55742099999999,-88.530813,88
Mason,IL,42.47834245141542,-90.25113603634041,43.25
Leland,IL,38.685069,-89.96152275,66
Homer Glen,IL,41.63882887861668,-88.09405350573844,30.666666666666668
Beason,IL,38.999327089048435,-89.57377920627897,65.66666666666667
Gladstone,IL,40.25448900000001,-91.18466329738534,54.4
Peotone,IL,41.32114765569945,-88.05556761072144,40
Willow Hill,IL,41.77544164672821,-87.95442960731265,55.8
Charleston,IL,38.66798809725248,-88.92443571057036,56.5
Teutopolis,IL,39.13282000000004,-88.47566999999998,68
Princeton,IL,38.656426039374175,-90.05068049833375,47.5
Witt,IL,39.23204106893045,-89.34515063762696,61
Woosung,IL,41.91670330029703,-89.52060014204612,13
Roselle,IL,41.97319186813999,-88.0803225,8.4
Ivesdale,IL,39.94500000000005,-88.45707999999996,13
Alvin,IL,42.0782720123076,-87.81235705067307,70.2
Effingham,IL,38.75481030118784,-89.09483703900112,70.33333333333333
Beckemeyer,IL,38.537032536223506,-89.464482,96.75
Tennessee,IL,39.533027443160115,-88.01764410556841,74.75
Winthrop Harbor,IL,39.74383350000001,-90.2469285,52
Tamaroa,IL,39.5851352283164,-89.56804305804928,41
Peoria,IL,38.61607111008405,-89.91734687236891,41.5
Golden Eagle,IL,38.34034161336494,-90.26119908473879,51.5
Deer Grove,IL,38.11447211902531,-89.69945944807611,42.5
Brookfield,IL,38.309806281524644,-90.16083882642468,58
Findlay,IL,39.521359771250246,-88.72689526418328,43
Divernon,IL,39.56730070658395,-89.6882808116826,73
Princeville,IL,40.936316580050836,-89.75281237735621,12
Nachusa,IL,41.80438656314932,-89.3804805,81
Morton Grove,IL,38.331873012472435,-88.99503299999999,49.333333333333336
Valier,IL,48.30286442098172,-112.24862773436038,124
Ashton,IL,39.052999112602215,-90.13992747070496,43
Scott Air Force Base,IL,38.53376113522997,-89.83480358288725,24
Stockland,IL,40.61557000000005,-87.59300999999994,119
Wrights,IL,39.35272669956995,-90.2963016585663,11
Gurnee,IL,42.37434167278376,-87.9340479670888,68
Villa Park,IL,42.035150000000044,-88.27982999999995,25
Seaton,IL,41.56139248591643,-88.28690177675877,57.4
Fenton,IL,39.83297910590884,-88.90438012686548,82
Oakwood,IL,40.0185225,-89.815248,72.4
New Athens,IL,38.32706883642776,-89.87577289032168,50
Loraine,IL,41.58578178262473,-88.9271325,89.66666666666667
Dolton,IL,41.889384,-88.10116199999999,33
Posen,IL,38.25842190503734,-89.30731075408217,7
Camp Point,IL,38.77667638730291,-88.50704030869288,81.5
Chandlerville,IL,40.01975928937897,-90.34358630051987,69.5
Oswego,IL,41.91800970806149,-88.15152950326211,22.5
Arrowsmith,IL,40.45258000000007,-88.63160999999997,22.5
Logan,IL,39.5458687072997,-82.38844790243581,125.5
Evergreen Park,IL,42.03747000000004,-88.09429999999998,40.4
Quincy,IL,38.89166146049237,-90.17131450223809,40.333333333333336
Chicago Ridge,IL,38.504809786017475,-89.13762910811515,47.6
Woodhull,IL,41.17667000000006,-90.31247999999994,11
Gorham,IL,41.804253,-88.30813275,60.8
Woodland,IL,42.210300000000075,-88.10479999999995,70.5
Greenville,IL,38.24052266579666,-88.71224950436867,50
Palmer,IL,39.186406094331346,-89.66962367094162,48
Worden,IL,41.9945668961447,-88.03565037131013,50
Redmon,IL,39.64470000000006,-87.86117999999999,72
Concord,IL,38.58611850000001,-90.0650835,34
Keensburg,IL,38.34997000000004,-87.87033999999994,72.25
Cisco,IL,40.01237090322795,-88.72310145123787,42.2
Arthur,IL,38.55901159159379,-90.20315411094592,47.2
Bluford,IL,38.31049708421701,-88.74746999999999,123
Baileyville,IL,42.220678036852135,-89.59083858837799,82
Carrollton,IL,38.96237780374985,-90.38346195812277,73
Patoka,IL,38.75410000000005,-89.08723999999995,13
Colp,IL,37.805534665865025,-89.08198709572554,72.4
Kaneville,IL,41.88573707122261,-88.32916828128346,22.5
Melvin,IL,37.89544417362406,-88.86349445785564,53.333333333333336
Browning,IL,40.72597200000001,-89.44976700000001,76
Mason City,IL,43.15717536753646,-93.17126993986543,60.2
Genoa,IL,42.1606845,-88.76916675,30
Highland Park,IL,38.74974000000003,-89.68480999999997,48.666666666666664
Algonquin,IL,38.82391392008987,-89.54760000599326,59.5
Stonefort,IL,37.65822578573652,-88.76549003147925,72.33333333333333
Georgetown,IL,38.74176459671096,-90.07461898590078,30.333333333333332
Erie,IL,41.6361591179556,-90.06301344281742,77.2
Dalton City,IL,39.80236050678381,-88.81478880418648,64
Gibson City,IL,40.45540950950861,-88.36425,10
Williamsfield,IL,40.922390000000064,-90.01420999999999,94
Ipava,IL,40.352543921090316,-90.32140519275559,39
Channahon,IL,41.520589408511434,-88.19525026221858,8.5
Dekalb,IL,41.52109137342069,-88.08492616440412,50.666666666666664
North Chicago,IL,41.908968000000016,-87.79834125000001,7.5
Schaumburg,IL,42.025299112285566,-88.06771941811272,8.2
Campbell Hill,IL,37.77095539404894,-89.3354245184945,57.5
Alton,IL,38.89635694230123,-90.18122374202217,38.2
Greenfield,IL,38.54452548166825,-89.94348542541235,50.333333333333336
Martinton,IL,40.919260000000065,-87.72356999999994,118
Green Valley,IL,39.84393133969361,-89.70905488285428,60.75
Collinsville,IL,38.62942096584299,-90.15425773813452,30.8
Forsyth,IL,39.93012812936367,-88.96230953605514,63.2
Prairie City,IL,40.62104000000005,-90.46162999999996,11
Pocahontas,IL,38.80775078624703,-89.75208465314702,65.5
Bristol,IL,41.71123105612776,-72.90506847839696,100.33333333333333
Manchester,IL,39.480569784709346,-90.48335649747793,87.75
Burlington,IL,38.73676751254595,-89.87830041156579,69
Blackstone,IL,41.785973669957755,-87.88109060015796,41.8
Roberts,IL,38.66859939892557,-89.89237744176067,53.666666666666664
Walnut Hill,IL,39.97783000000004,-89.54620999999997,35.5
Bellflower,IL,38.586708000000016,-89.37640344708383,6
Dakota,IL,38.55609900000001,-88.9959555,51
Compton,IL,41.63037767799081,-87.89534554456513,79
Gilberts,IL,42.10615000000007,-88.37571999999994,9
Rossville,IL,40.37841514358399,-87.88423771170758,121
Highland,IL,38.3307705,-88.9133985,41
Momence,IL,41.158060946946385,-87.65977767519858,11
Tinley Park,IL,41.7920583896253,-88.33322178660745,8.666666666666666
Media,IL,32.01205006607417,34.779280036643776,59.5
Huey,IL,38.527334093524516,-89.26394187412167,13
Mendon,IL,39.876858,-91.108089,48
Gerlaw,IL,40.981490000000065,-90.59158999999994,69.25
Shirland,IL,42.49623600000001,-89.0562740305102,39.4
Bone Gap,IL,38.51156266659409,-87.9849405,118
Eleroy,IL,42.33935690289094,-89.75426389920689,81
Beecher,IL,38.09799170363031,-88.34639160791788,55
Lebanon,IL,38.58803188101567,-90.0505305823885,58.6
South Holland,IL,37.726560359004814,-88.93041850332412,48.2
Monroe Center,IL,42.414762491795024,-90.42440285831499,71.75
Hanover,IL,37.80262649884746,-89.3490372146858,61.25
Carlyle,IL,38.519496000000004,-89.92654590665994,41.5
Lockport,IL,41.5784295,-87.995925,33
Orangeville,IL,42.46789492433195,-89.65107589985882,81
Maroa,IL,40.03779000000003,-88.95297999999997,70
Cowden,IL,39.248829925008764,-88.86289043317774,53.5
Clayton,IL,39.31925889438644,-89.5876761316152,62.333333333333336
Altona,IL,41.11543000000006,-90.16397999999998,70
Pleasant Plains,IL,39.766836561265855,-89.9151761778297,58.2
Ellis Grove,IL,39.209681348529166,-89.37736114164889,41.5
Port Byron,IL,41.61417000000006,-90.33551999999997,45
Granville,IL,41.92819200000001,-87.88825575,38.6
Glenview,IL,38.01299137605892,-89.66125329498588,63.2
Aroma Park,IL,41.07975000000005,-87.81142999999997,33
Seneca,IL,39.16632574456477,-89.6489955067589,55.5
Wheaton,IL,40.81315184362148,-89.56654893084358,26.5
Glenarm,IL,39.62569952074003,-89.66740704245395,73
Caledonia,IL,41.57792471871285,-87.84806404200653,26
Coello,IL,37.99422000000004,-89.06729999999999,70
Dundas,IL,38.83528844369085,-87.92708058223654,103.6
Dieterich,IL,40.94599500000001,-90.389484,105.5
Dupo,IL,38.52992956024021,-90.21097178512211,57
Bloomington,IL,40.1297240893537,-88.25236239146987,59
Woodridge,IL,39.81260249999999,-87.66918899999999,39.5
Shannon,IL,38.770924958639355,-89.68724999999999,51.333333333333336
Sheridan,IL,44.78791911175219,-106.94982537523242,136.33333333333334
Panama,IL,42.09414797570831,-88.5241553536006,69
Eldred,IL,39.161592132358244,-90.5581638370531,33
Moweaqua,IL,39.618310000000065,-89.01963999999998,72
Goreville,IL,37.553999114833495,-89.04608252391537,67.33333333333333
La Moille,IL,41.667989883488055,-89.28634632769929,93
Palos Hills,IL,41.69842042836848,-88.0989255255988,8
Dundee,IL,40.43484000000001,-88.8783885,43.2
Manito,IL,40.33312006480837,-89.9986911933071,82
Odell,IL,41.72797013832012,-87.80250229017702,47.5
Philo,IL,40.067361574642604,-88.1902226396033,15
Saint Libory,IL,38.359490496926476,-89.71205199990085,14
Wilsonville,IL,39.07085033546344,-89.85692061021861,14
Ingleside,IL,42.066437056641234,-87.67749484922143,51.2
Goodwine,IL,40.379917500000005,-87.659775,32
Lovejoy,IL,40.42709782426015,-90.78997332170992,61.2
Berwick,IL,40.798446913245265,-90.51725732931483,66
Mc Lean,IL,40.204868115102094,-88.36318492692438,63.25
Morton,IL,38.331873012472435,-88.99503299999999,49.333333333333336
Wellington,IL,37.34233958330395,-88.7285054442877,84
Hamburg,IL,38.46226969308522,-90.07649556145005,72.4
Nauvoo,IL,41.469263276455784,-87.69555438199376,13
Waltonville,IL,38.297677740120996,-88.9086806188093,13
Roodhouse,IL,39.48053841473761,-90.37046263318884,57.2
Durand,IL,42.43701606924783,-89.36108700459553,45.5
Belvidere,IL,42.37856086957236,-88.94849188156755,25.4
Manlius,IL,41.45619000000005,-89.67120999999997,69
Mill Shoals,IL,38.322609595384534,-89.87636821743565,84.75
Castleton,IL,41.11225597797373,-89.68205380437072,41.333333333333336
Plymouth,IL,40.08684847408633,-88.26373415606886,46
Belle Rive,IL,39.782084568461265,-89.70556683363998,22.333333333333332
Annapolis,IL,41.62861350000001,-88.12519875000001,45.4
La Rose,IL,38.36542011936079,-89.70932669266575,55.666666666666664
London Mills,IL,40.464396000000015,-88.94680875,69
Walnut,IL,39.02764499999999,-89.52531074999999,67.33333333333333
Bonnie,IL,40.103450743444775,-88.5292499662559,60.666666666666664
Machesney Park,IL,42.349177176407416,-89.04996823253119,34.666666666666664
Thomson,IL,41.96021135560038,-89.90396907113234,11
Barry,IL,39.249855,-89.35310820716832,74.5
Girard,IL,39.80344683543345,-88.85041228343557,79.33333333333333
Roseville,IL,42.52267799999999,-82.92524850000001,39
Sibley,IL,40.588035329034206,-88.37586676545301,55.5
Braidwood,IL,38.657108025757694,-89.99029957727309,43
Camargo,IL,42.254142343963096,-87.97193159059916,11
Mapleton,IL,40.5780142858709,-89.72857144176714,8
Evanston,IL,42.27957607974521,-87.84215687333865,38.8
Weldon,IL,41.648877000000006,-89.29221749999999,45.5
German Valley,IL,39.601611000000005,-89.98151052584939,80.2
Omaha,IL,42.00136199999999,-88.0477515,36.666666666666664
Depue,IL,41.324200000000076,-89.30674999999997,76.2
Clinton,IL,40.112253146194014,-87.87444075213034,24.5
Warrensburg,IL,38.53462500000001,-90.04313310879088,76.66666666666667
Fisher,IL,37.89644406608692,-89.55501693946886,37.666666666666664
Dunfermline,IL,40.489619592514295,-90.04896825208131,54.5
Glenwood,IL,38.539521,-89.98092,73
Marion,IL,38.537122435484534,-90.03152311656889,44.333333333333336
Roxana,IL,38.830676211256744,-90.06416257893216,41.5
Glencoe,IL,41.80006875676138,-87.83243999999999,28.8
Alden,IL,40.716954000000015,-89.69573025,105.5
Frankfort Heights,IL,38.976927668179634,-90.0601479046312,69.5
Marshall,IL,39.411119027679725,-87.72539908183086,41.5
Forrest,IL,38.349116997719925,-87.8647725031815,40
Tower Hill,IL,41.9114792681387,-88.35221390933496,87.75
Marine,IL,38.734404663900406,-89.7733833319502,71.2
Joppa,IL,42.457105162841124,-87.85323501350958,82
Berkeley,IL,41.63133168753933,-87.83536457685682,43.5
Vandalia,IL,38.78580779353793,-88.68628601335743,44
Browns,IL,42.04817000000003,-88.10629999999998,30.8
Benson,IL,39.834151056968174,-90.19275479365938,42.333333333333336
Paxton,IL,41.71105814830612,-87.74335563608781,17.8
Crete,IL,41.62562865689278,-88.13109607007658,18
Coal Valley,IL,37.8980088413357,-89.23372836412878,51.333333333333336
Chana,IL,42.031592031092075,-89.22243755179883,81
Mount Morris,IL,42.034394862377596,-89.43180737199515,78
Eddyville,IL,37.49718000000007,-88.58599999999996,13
Bondville,IL,40.11316000000005,-88.36895999999996,6
Congerville,IL,40.61639000000008,-89.20448999999996,44
Worth,IL,39.604900546556586,-88.6046625,44
Collison,IL,40.22490000000005,-87.79976999999997,44
Country Club Hills,IL,38.56529226694402,-90.05824913895509,60.6
Griggsville,IL,39.63512484121628,-91.0957344051508,33.4
Eureka,IL,40.12557133513038,-88.22587505883307,60.5
Biggsville,IL,40.85122000000007,-90.86436999999995,70
Ringwood,IL,42.40373929111884,-88.27377831964819,78.2
Farmersville,IL,39.442893635619576,-89.73565878774333,42
Adair,IL,42.23460166294462,-87.96498956803268,63.75
Secor,IL,40.74407100000001,-89.1397935,82
Marietta,IL,40.78277999999999,-90.0174375,51.25
Penfield,IL,41.509242,-88.05709575,79.5
Lincolnwood,IL,40.16801699999999,-89.33624106422978,52
Hillsdale,IL,41.76374408600367,-87.88365693333587,49
Johnston City,IL,37.819634610250944,-88.64879390363194,49.5
Sadorus,IL,39.96669000000003,-88.34925999999996,44
Ridge Farm,IL,38.41116750000002,-89.99548874999999,34.2
La Place,IL,39.93312994113932,-91.3984400255352,23.333333333333332
Mount Olive,IL,39.06942567646933,-89.69474788249634,89.2
Littleton,IL,42.347474978419456,-88.06544813362,59
Mossville,IL,40.821614971330646,-89.5879282415295,47.75
Moro,IL,38.73293824939042,-90.11986764806012,42.75
Kenney,IL,40.04212964589774,-89.08542041177392,77.6
River Grove,IL,42.21073634578723,-87.95443584752039,8.5
Bryant,IL,37.82198811368828,-89.41491911827033,63.75
Raritan,IL,40.863386609228996,-90.96172873563084,101.66666666666667
Bloomingdale,IL,41.920908090294446,-88.08136428457162,24.8
Ina,IL,38.153763,-88.91025750722794,21.8
Plano,IL,41.66279000000003,-88.53668999999996,10
Yorkville,IL,41.6455784006067,-88.41884975788811,39
Milmine,IL,39.90046051150766,-88.65006483074805,45
Wapella,IL,41.454220855231924,-88.26342175728165,40
Heyworth,IL,40.31257000000005,-88.97231999999997,70
Dallas City,IL,40.63604000000004,-91.16817999999995,14
Foosland,IL,40.36122000000006,-88.43133999999998,58.25
Forest City,IL,28.674936298511007,-81.48998540033057,55.666666666666664
Longview,IL,38.44470429968863,-90.18816097681244,71.5
Winchester,IL,38.573028000000015,-89.98416675,51.333333333333336
Morrison,IL,39.552481483495164,-89.27665314145032,48.5
Royal,IL,32.280140000000074,34.86196000000007,57.75
Emington,IL,41.432292131693025,-88.28812916719292,68
Bellwood,IL,41.8807760636017,-87.8782684934597,30
Dahinda,IL,40.91645431140111,-90.11335053382658,71.5
Whittington,IL,41.71555851419762,-88.18842447833401,19.333333333333332
Sumner,IL,37.21497406112431,-89.20412461919332,49.2
Colusa,IL,40.57116000000008,-91.16755999999998,58.2
Radom,IL,38.28694305891424,-89.12096967417288,118
Seymour,IL,35.90271551812448,-83.71160796993692,84
Jewett,IL,41.23671260307783,-88.42526787533805,73.66666666666667
Albers,IL,38.90987996686755,-90.0513548901902,57.8
Hinckley,IL,41.73397748762007,-88.309245544631,25.5
Lane,IL,41.81114826528349,-87.9210085213022,71
Mount Prospect,IL,41.937024867842744,-87.92026870491992,14.6
Neponset,IL,41.29938000000004,-89.78950999999995,70
Sorento,IL,39.006554986079855,-89.59468684104375,48
Frankfort,IL,37.89873578020859,-88.90072205850922,70
Richton Park,IL,41.46647085049218,-87.65991253924498,88.2
Catlin,IL,40.10898723468261,-87.63691759588124,86.5
Millbrook,IL,42.023541284999965,-88.11582272999999,41.25
Rock City,IL,42.32988877787582,-89.47572697750311,64.75
Flat Rock,IL,41.685312319174805,-88.19352041079314,100.5
New Windsor,IL,41.202360000000056,-90.44016999999997,11
Beecher City,IL,41.34247000000005,-87.62827999999996,24.5
Lindenwood,IL,39.188956965764326,-89.61547249786027,64
Sainte Marie,IL,38.57669437998645,-88.03843240229585,70
Colona,IL,40.65173999999999,-89.6539972704787,45.75
Crystal Lake,IL,42.264368522785254,-88.01247855377429,39.4
Farmer City,IL,40.2353196714979,-88.62800660980531,6
Carman,IL,40.769028484006824,-91.05669,72.75
Timewell,IL,39.999404384619595,-90.87374711677047,36.666666666666664
Camden,IL,38.71995300000002,-89.857764,74.66666666666667
Hammond,IL,42.06911229497258,-88.05970824270082,20.666666666666668
Somonauk,IL,41.683579224572284,-88.65401315123573,54.333333333333336
Alsey,IL,39.55943000000008,-90.43507999999997,9
Wilmington,IL,37.91866307439026,-88.97387724835366,57.25
Middletown,IL,42.16498022971715,-88.40177953254695,67.2
Hopedale,IL,40.35669717093966,-89.39734297906034,120
Byron,IL,39.36417270574658,-87.78370160324687,32
Raymond,IL,39.39445281168847,-89.09989073647185,56.75
Oakford,IL,40.103377532827736,-89.96714326901562,70.2
Murphysboro,IL,37.91146901454789,-89.66766951039135,58.333333333333336
Hampton,IL,38.59484851506924,-89.9698725,57.666666666666664
Mc Leansboro,IL,38.09618000000006,-88.56356999999997,51
Sandoval,IL,38.61398709259161,-89.11107498026718,13
Alto Pass,IL,37.6015574470512,-89.36895188212772,40
Mount Sterling,IL,37.15950600000001,-88.5469995,49.5
Bradford,IL,37.89391065819502,-88.32599631224434,71.5
Ursa,IL,40.074280000000044,-91.36679999999996,13
Saint Elmo,IL,39.02289658294292,-88.85175850572163,70.33333333333333
Nilwood,IL,39.39946000000003,-89.81097999999997,141
Fillmore,IL,37.14009454983018,-88.43298019081182,110
Lowder,IL,39.56984279011486,-89.84180148676172,73
Fithian,IL,40.11194356767833,-87.86846105757579,38
Kane,IL,37.795062728743744,-88.43507810547253,72
Mackinaw,IL,40.50064641005379,-89.3525312102143,44
Lima,IL,37.548117000000005,-89.05734,29
Carmi,IL,39.88781099999999,-88.73775,44.25
Cypress,IL,40.759703602679004,-89.64270702438732,44.75
Aledo,IL,41.19993000000005,-90.74987999999996,11
Ashkum,IL,40.88262000000003,-87.95421999999996,12
Cedar Point,IL,37.863162,-88.5865416204791,41
Perks,IL,37.315602905810316,-89.12600479543059,118
Valmeyer,IL,38.442087,-90.22425404481484,20.666666666666668
Grayslake,IL,42.34206000000006,-88.04787999999996,86
Freeman Spur,IL,42.49798200000001,-89.98370100525581,72.6
Palatine,IL,42.11051327591158,-88.09124871734596,7.6
Hurst,IL,39.48270791693135,-88.30613507964817,32
Ramsey,IL,39.72008136590247,-89.56866522340998,52.666666666666664
Oak Park,IL,41.80795000000006,-88.33978999999994,30.6
Elk Grove Village,IL,41.305930000000046,-76.40630999999996,63.5
Muncie,IL,40.11489000000006,-87.84480999999994,44
Sycamore,IL,37.118232000000006,-89.20752997295415,77.6
Clare,IL,41.546619000000014,-88.19106874311667,53.666666666666664
Paris,IL,39.39912942223876,-89.09411995622928,55
National Stock Yards,IL,39.95875093551694,-79.81046051080413,9.333333333333334
De Land,IL,41.59886049827637,-87.8154018054598,53.6
Lafox,IL,41.91275367630714,-88.40583739652074,7
Avon,IL,41.890030000000024,-87.84075999999999,9.4
Caseyville,IL,38.647853312953345,-90.01507390077721,34.5
Cantrall,IL,39.964239,-89.76516760298419,71
Galatia,IL,37.841910943148115,-88.6072004669025,40.5
Granite City,IL,38.6997611189359,-90.15099445181525,13.75
Buda,IL,25.752350000000035,87.56864000000007,70
East Lynn,IL,40.77647550000001,-89.96544675000001,68
Elkville,IL,37.907254100028545,-89.24186464996596,41.5
Ridott,IL,42.29537796897428,-89.4510518585355,59
Golden Gate,IL,31.782170000000065,35.218530000000044,38
Bartelso,IL,38.53576372825605,-89.46801358629094,89.2
Herod,IL,37.580760000000055,-88.43711999999994,13
Okawville,IL,38.429837172033075,-89.55302277736673,86
New Salem,IL,39.97912728350737,-89.84263766168186,42
Silvis,IL,40.63624203810646,-89.668782,53
Johnsonville,IL,40.20721000000003,-87.67055999999997,81
Eldena,IL,41.77264500000001,-89.4385864280662,53.666666666666664
Antioch,IL,37.58974095738359,-89.15802135952647,8
Lake Fork,IL,40.08477000000005,-89.39537999999999,70
Russell,IL,38.593209269718194,-90.08474368185563,60
Broadlands,IL,39.90856293121305,-88.0160404807384,139
Clifton,IL,37.7330625,-88.97843025,51.333333333333336
Eldorado,IL,37.82488133667801,-88.5094768377977,58.8
Triumph,IL,32.79073000000005,35.532980000000066,71.2
Hampshire,IL,39.7047015,-89.69521499999999,53
Texico,IL,38.439812809386574,-88.93284095080433,118
Galesburg,IL,42.14789429208155,-88.00762222090412,27
Stronghurst,IL,40.73646149888793,-90.91334648864478,11
Brownstown,IL,38.98576359832517,-88.96500675967054,32
Great Lakes,IL,42.29914950000001,-87.867909,8.25
Pembroke Township,IL,41.06364000000008,-87.59364999999997,25.666666666666668
Danforth,IL,41.979326077392045,-88.14693663495848,26.5
Aviston,IL,40.67803378726273,-91.07233377436125,68
Saint Jacob,IL,38.716170000000034,-89.76837999999998,13
Alsip,IL,41.69081992613568,-87.74357999999995,7.5
Coulterville,IL,38.222888437625784,-89.59732687499813,14
Atwood,IL,40.07865150000001,-87.61792725000001,67.5
Speer,IL,42.26540419108967,-90.3044197492266,93
Westfield,IL,42.061840000000075,-87.74917999999997,19.2
Hutsonville,IL,39.11024000000003,-87.65590999999995,45
Long Point,IL,39.83616364702046,-89.20683834181077,71
Olive Branch,IL,39.98472636684462,-90.16997341625175,102.33333333333333
Newark,IL,42.000106499999994,-87.7995,78
Henderson,IL,39.2181525,-88.98825149999999,42
Claytonville,IL,40.56764000000004,-87.82241999999997,45.5
Holcomb,IL,37.277248735285674,-89.18202377648579,81
Kell,IL,38.48693091773374,-88.83664937896775,9
Ferris,IL,39.795078032549945,-88.989726296745,93
Reynolds,IL,39.56476280749339,-87.6836867561912,52.666666666666664
Thawville,IL,40.67686000000003,-88.11153999999999,42.5
Stanford,IL,38.79145482086913,-89.94514687289387,72
Albany,IL,39.227452605013674,-90.04074977618873,33.666666666666664
Elgin,IL,37.18242349250825,-89.08833732186908,9
New Bedford,IL,41.68294428493653,-70.93096971621749,99
Taylor Ridge,IL,42.42028081268601,-90.17365548765676,46.5
Alpha,IL,39.63983229943696,-89.73980398707589,54.8
Coal City,IL,41.336342682440055,-88.29618383878812,23.333333333333332
Tremont,IL,38.905563905666085,-90.16902768787342,55.75
Hull,IL,37.734598543401205,-89.05120006252577,34
Metropolis,IL,37.15729670785497,-88.72482443862089,25.75
Hidalgo,IL,26.13902851032856,-97.91085821966438,102
Windsor,IL,38.67075611704213,-89.87711147606306,56.25
Naperville,IL,42.0077631487575,-88.2181305,7.6
Claremont,IL,39.2987979492579,-89.83047337634224,94.5
Kingston,IL,38.587825044956205,-90.01140586913053,40.4
Dennison,IL,42.05825099161658,-88.09494470355791,45.6
Minier,IL,40.52614499446219,-89.35797274606864,94.66666666666667
Ellery,IL,42.178731474790084,-88.52221568368799,76
Park Forest,IL,42.08251000000007,-87.87730999999997,23.4
Renault,IL,47.27727995614295,11.453660026112177,38.5
Allerton,IL,38.555067491904786,-89.94426568648808,69.2
San Jose,IL,37.7490015,-89.14332149999998,10
Orion,IL,40.62553852782128,-89.96740094023164,82.75
Kent,IL,37.124072177840915,-89.19903315340805,73.66666666666667
Seward,IL,40.62347999999999,-90.46439325,77
Beaverville,IL,40.95455000000004,-87.65470999999997,116
Warrenville,IL,41.808931179499666,-88.13801770524677,8.4
Salem,IL,38.487096015486244,-89.80482439168301,61.75
Danville,IL,40.06147137670824,-87.64139695900622,75.5
Winslow,IL,41.49203950393061,-87.68075403476564,60.25
Bethany,IL,38.821348668190375,-87.7149670476034,44
Dwight,IL,39.89567954465025,-88.9161982837978,51
Tiskilwa,IL,41.29225000000008,-89.50490999999994,33
Trivoli,IL,40.676831041301455,-89.89135686697597,52.5
Plato Center,IL,42.01970605700871,-88.44911468376984,81
Harrisburg,IL,42.42715020323954,-88.01055649685044,77.4
Alexander,IL,32.093450000000075,34.77286000000004,54.75
Warren,IL,39.2085484400909,-89.40675565138663,50.333333333333336
Normal,IL,41.628994486887436,-87.6341423542644,65.2
Willow Springs,IL,39.71080309180736,-89.61816926075242,40.666666666666664
Blue Island,IL,41.86059205687892,-87.65881197238701,33.4
Greenup,IL,39.24749751370805,-88.15940812485331,51.666666666666664
Pawnee,IL,38.072520622136295,-90.06683139916825,47.25
Table Grove,IL,41.60240042308221,-88.04991132984263,9.5
Harvel,IL,39.34162814318265,-89.53086228876121,33
Hillsboro,IL,38.81917218662234,-89.94557724370586,14
Ingraham,IL,41.61964273604018,-87.52871755370298,105.5
Kincaid,IL,38.76344336954547,-88.09943677593735,51.666666666666664
Herrick,IL,41.92440366473768,-87.8538697949449,18.25
Broadview,IL,41.87903118611086,-87.89171240915798,45.8
Homewood,IL,41.563287000589696,-87.66168675211433,39
Shabbona,IL,41.46935813413291,-87.69863760814592,22
Rapids City,IL,41.58125000000007,-90.34352999999999,70
Monee,IL,41.4543161811769,-87.69949239198533,63.25
Watseka,IL,41.97039748840104,-88.29136466976802,53.666666666666664
Cullom,IL,41.95949400000001,-87.68659911216051,36.6
Indianola,IL,41.381124745204595,-93.65464369701402,121
Lancaster,IL,38.55310692466637,-90.05805293825252,66.25
Hooppole,IL,41.52183000000008,-89.91097999999994,70
Peoria Heights,IL,37.79534690220764,-88.97170643385613,63.333333333333336
Niantic,IL,39.88178700772999,-89.16189083612892,49.4
Kirkwood,IL,39.35838164823645,-89.96223169356303,39
Franklin Grove,IL,42.25917549021495,-90.28694443426133,40.5
Thomasboro,IL,40.238830000000064,-88.18352999999996,44
Loda,IL,39.05849743491939,-88.37856476991273,119
Woodlawn,IL,40.14944025365402,-87.62813997387585,33.75
Henning,IL,40.29783291426048,-87.70049000076875,44
Bridgeport,IL,38.5722720518122,-87.7599998338052,79.5
Miller City,IL,37.109781546949634,-89.35638343408128,37
Cabery,IL,41.10974128536257,-88.21164968580034,65
Sherman,IL,38.52722511421089,-89.96525901601227,40
Millcreek,IL,37.609770000000026,-89.25785999999994,27.5
East Carondelet,IL,38.543631688085995,-90.2320547186358,74
Tuscola,IL,41.9689959094556,-88.29232993862668,32
Pecatonica,IL,42.36048813543902,-89.35947233402712,82
Deer Creek,IL,41.00809000000004,-87.82197999999994,94
Rankin,IL,41.592382636251166,-88.12502500594572,70.5
Kingston Mines,IL,40.56222727230175,-89.7751381189061,9
Geff,IL,38.44255000000004,-88.40457999999995,86
Bath,IL,42.073119000000005,-88.3405665,39.5
Topeka,IL,42.12328156559966,-88.2630406871109,9.5
Rock Island,IL,41.42325961068503,-90.01905094719227,57.333333333333336
Morris,IL,37.89448118237225,-88.63276452456253,63.666666666666664
Freeport,IL,41.72734782520417,-89.67035954004247,76.5
Walsh,IL,38.980070999999995,-90.236412,77
Wataga,IL,41.072101733998174,-90.22949734247713,57.333333333333336
Mount Pulaski,IL,40.0033035,-89.2854315,74
Shorewood,IL,42.41050949486796,-90.34701149486796,10
Tilton,IL,39.945995480903505,-88.455640619368,59
Lincoln,IL,41.118435000000005,-89.709228,71
Emden,IL,40.29826000000003,-89.48451999999997,70
Murrayville,IL,39.59613476807289,-90.23548605429593,68
Chestnut,IL,39.921871500000016,-90.118935,69.66666666666667
Baldwin,IL,38.54770485620623,-90.14302681448368,60.2
La Grange Park,IL,41.81135000000006,-87.87819999999994,15
Rantoul,IL,42.38089048011778,-89.82488504900115,53.8
Lawrenceville,IL,42.26397109853534,-88.82344832182866,64.75
Creston,IL,40.089503392498024,-88.31768736091026,92
Waggoner,IL,39.39174354600952,-89.79602833178666,69
Chicago,IL,42.342417,-90.14544899999999,46
West Point,IL,37.88102702266385,-89.62029631654889,84
East Peoria,IL,40.67561816970418,-89.54856698645865,78.2
Thornton,IL,40.62336300000002,-89.54884506657557,60.5
Frederick,IL,37.909323,-89.81899874999999,86.5
Carterville,IL,37.762034080961854,-89.07110453340286,71.66666666666667
Sherrard,IL,41.32108000000005,-90.50656999999995,71
Rosiclare,IL,37.42386000000005,-88.34616999999997,131
Matherville,IL,41.25729000000007,-90.60066999999998,71
Delavan,IL,40.417779482623544,-89.54894415095194,75.5
South Elgin,IL,41.993820000000014,-88.287282,7.75
Oak Brook,IL,39.038840990690844,-90.21017536659836,50.666666666666664
Gays,IL,39.45763000000005,-88.49598999999995,13
Ellisville,IL,42.02268004948358,-88.11569582164324,63.5
West Frankfort,IL,37.9081935,-88.94081249999999,42
Deerfield,IL,38.452745339865366,-90.08107840397561,29.75
Dowell,IL,37.93739915777841,-89.2916750168567,70
Oakdale,IL,38.894101927865385,-90.06677380154184,51.333333333333336
Shirley,IL,37.822572,-89.34249736069977,43.333333333333336
Hartsburg,IL,41.81505554453673,-88.35986669710552,39
Mooseheart,IL,41.81889515191691,-88.34340970834688,36.4
Louisville,IL,38.77249025542544,-88.50021248946133,65.2
Batchtown,IL,39.036621513734055,-90.67145942598323,106
Champaign,IL,39.923226266077755,-88.56900743620302,37
Walshville,IL,39.07231252348663,-89.70781100345184,107.75
Nokomis,IL,39.52152649461781,-89.2972484592154,57.5
Kankakee,IL,41.0492476303281,-88.09440423378703,70
Pesotum,IL,39.91545000000008,-88.27330999999998,13
Oglesby,IL,38.78939140690383,-89.92545073834731,69
Danvers,IL,40.60493396833778,-89.20292466662401,20.666666666666668
Rushville,IL,40.117650000000026,-90.56713999999994,82
Carthage,IL,41.93927290960704,-88.06876935354389,24
Dunlap,IL,40.07938032365039,-88.24833763359895,49.25
Royalton,IL,37.89159967195945,-89.19240276520706,13
Cherry Valley,IL,42.22118936768209,-87.97857818410738,57.4
Centralia,IL,36.635783347895206,-95.14647853983098,32
Hillview,IL,38.87955124586809,-90.09168330216694,70.66666666666667
Creal Springs,IL,37.527448500000006,-88.84217699999999,97
Galva,IL,41.165230000000065,-90.04534999999998,70
Prairie Du Rocher,IL,38.076290440719625,-90.09588146320536,118
La Prairie,IL,41.242706999999996,-87.64877025,49
Bingham,IL,41.72345402346955,-89.04823763375231,81
Towanda,IL,41.4658418924886,-87.69474430117579,10
Evansville,IL,37.979397000000006,-87.52254309813411,58
Mount Vernon,IL,38.38415053033585,-88.39400940844418,35.75
Hoyleton,IL,38.437074,-89.3677635,41
Xenia,IL,39.66736499999999,-83.97246825,105
Matteson,IL,41.40300236597482,-88.11012275311214,14
Lovington,IL,39.71652000000006,-88.63423999999998,13
Monmouth,IL,40.58677376420355,-90.94151654938588,69
Kinderhook,IL,40.16386216287218,-90.40508670958742,13
Grantsburg,IL,37.390820000000076,-88.74822999999998,13
Lee Center,IL,38.52569250000001,-89.9778555,87.33333333333333
Fiatt,IL,40.55905035492506,-90.177261578627,9
New Lenox,IL,41.49776755856625,-87.95327865734997,51
South Pekin,IL,40.68780749604612,-89.8000515,88.25
Bureau,IL,41.296577801735054,-89.79530935514187,33
Elliott,IL,38.72409300000001,-90.06053657303583,121
Unity,IL,37.15867495723346,-89.293126797154,91.25
Sheffield,IL,38.96098814054719,-90.14011321330844,72.4
Dongola,IL,37.373273652482645,-89.14138542781065,41
Columbia,IL,31.893740000000037,34.80657000000008,48
Thebes,IL,37.20736722783036,-89.4589312753067,131
Maeystown,IL,38.218414451975086,-90.2397646403805,118
Wasco,IL,41.94010007794968,-88.39527900740593,47.5
Pearl,IL,40.55615259794178,-89.77653229050465,66.75
Staunton,IL,38.881344221881555,-89.857336700936,54.5
Lyndon,IL,41.73371606469842,-89.92048058371844,7
Junction,IL,40.131992922294074,-87.62089187766468,73.33333333333333
Palmyra,IL,39.43411880296672,-90.06621438937368,74.8
Piper City,IL,40.76265324784812,-88.18790204050521,127
Mark,IL,38.14808400000001,-89.70685242672134,72
Trilla,IL,39.37436843752045,-88.28707522039501,117
Venice,IL,42.06905182681625,-87.85276366480504,35.2
Marengo,IL,42.27692420801881,-88.75433753390195,37.4
Saint Francisville,IL,40.458380000000034,-91.56904999999995,62.4
Chatsworth,IL,42.04156660513638,-88.11113707403693,43.75
Medinah,IL,42.1756466812106,-89.85518875769384,63.5
Iroquois,IL,37.72388634156495,-89.3041471942073,118
Patterson,IL,39.14600096952632,-89.49593907290505,85
Rosamond,IL,39.37837113182302,-89.16103413665044,56.75
Benld,IL,39.09113033451253,-89.8102544606275,68
Dewey,IL,37.81264743856387,-88.40045135438363,49.333333333333336
Colchester,IL,41.68087994239178,-88.32993250290967,41
Edwardsville,IL,38.737818341723425,-89.93446775362754,23.4
New Burnside,IL,37.580970000000036,-88.77065999999996,68
Neoga,IL,39.31925000000007,-88.45210999999995,117
Vermilion,IL,39.58953752994695,-87.58817344397303,49
Ashley,IL,37.78363322599715,-88.3182856819231,51.666666666666664
Mc Clure,IL,38.889544500000014,-90.15263325,46.333333333333336
Hamel,IL,38.872502228731044,-89.83399737188284,57.8
Potomac,IL,39.25486859712507,-89.63009465319485,51.75
Atkinson,IL,41.44236564838059,-90.0106335,70.75
Noble,IL,37.731609000000006,-89.006292,95.5
Barnhill,IL,42.27573482797666,-88.03354484952527,47
Kinsman,IL,41.18010623778425,-88.56755115295704,73
Taylor Springs,IL,37.438812,-88.46998199999999,14
Milan,IL,41.44266727824668,-90.53955895109583,53
Richmond,IL,38.599496999999985,-89.9725545,85
Waterloo,IL,37.34390894671792,-88.71994955275454,56.25
Bridgeview,IL,42.12516390761417,-87.95438105025397,39
Decatur,IL,37.77759626762951,-88.96587452318893,21
Oraville,IL,37.86493973477983,-89.38424806385609,11
Tilden,IL,41.69538233403739,-88.11940000052803,38
Loami,IL,39.67409503179458,-90.00779594212199,44
Fairview Heights,IL,38.519927237494976,-90.0140331090586,34.8
Parkersburg,IL,38.59218931910314,-87.93817972681543,118
Fox Lake,IL,42.380982,-87.92776638343776,14.5
Willisville,IL,37.98417000000006,-89.58697999999998,40
Lincolns New Salem,IL,39.978720020925266,-89.84718001270517,70.6
Dix,IL,38.43963000000008,-88.93774999999994,13
Thayer,IL,39.53796017838288,-89.77602126687968,72.6
Glen Carbon,IL,37.760109336813905,-89.25048886757537,32
Anna,IL,38.60462380094077,-90.07761810070558,56
Clay City,IL,38.7655102365626,-88.3586818160477,13
Baylis,IL,39.72069099924494,-90.85239583878743,34
Dahlgren,IL,38.198592,-88.72222900343633,49.666666666666664
Goodfield,IL,42.05663893563732,-88.38255853353601,45.333333333333336
Arlington Heights,IL,41.98479703783982,-88.00374509736979,17.8
Vernon Hills,IL,39.74852383509221,-89.52994411381437,50.666666666666664
West Liberty,IL,40.17491633147013,-87.63210886877926,70
Oneida,IL,41.5259540659932,-88.1019526855247,27
Auburn,IL,38.761884000000016,-89.97166125,46.4
Martinsville,IL,39.34021000335606,-87.88279959764283,70
Olmsted,IL,41.82586350937071,-87.8081984718879,70.6
Liverpool,IL,42.34641973092601,-88.85491945908564,89.5
Grand Tower,IL,40.134346847675566,-90.82888428004505,77.5
Edelstein,IL,40.94025000000005,-89.63229999999999,77.5
Saint Anne,IL,41.02048237790883,-87.7092334458579,47
Easton,IL,38.89288249005209,-90.18281041832464,49.5
Streator,IL,41.10945577046391,-88.824283528859,14
Franklin,IL,42.19947469628451,-89.59453740870234,61.2
Vergennes,IL,37.90229000000005,-89.33575999999994,11
Lerna,IL,39.482097077728916,-88.30643931330968,117
Taylorville,IL,39.81687523533414,-88.98809814927472,58.25
Washington,IL,39.5535084137344,-87.94095305689642,74.66666666666667
Belleville,IL,38.482769199301636,-89.9836425,58
East Dubuque,IL,42.49890669740272,-90.64041027662442,39
Bolingbrook,IL,41.713610211035345,-88.06885107945351,8.8
Modoc,IL,37.293214500000005,-89.49785625,100
Keyesport,IL,38.741085222695446,-89.3877524415913,119
Dow,IL,41.879493,-88.31479949999999,38.5
Nora,IL,38.555401500000016,-90.01641599999999,81
Assumption,IL,39.51506804220615,-89.05338563956602,72
Makanda,IL,37.612944185577625,-89.21496734533484,70
Rock Falls,IL,37.409243537810745,-88.63044258544294,18.25
Buffalo Prairie,IL,38.82542446360512,-89.71259435061158,94
Rockford,IL,42.294939757218515,-89.05917587948476,60
Wonder Lake,IL,42.38933136103129,-88.34472,140
West York,IL,40.03884364782219,-91.069857775731,66
Union,IL,42.50046280245683,-89.99064912894349,64.8
Michael,IL,38.544141179439414,-90.00013491363138,54.4
Standard,IL,40.19841058517096,-90.698012680888,13
Kempton,IL,42.2606816677518,-87.93971676575909,9.5
Percy,IL,41.99249730633902,-88.57180951903912,40.75
Highwood,IL,38.576520000000016,-90.03534975,57
Chillicothe,IL,40.91668000000004,-89.48553999999996,94
Wolf Lake,IL,41.66579000000007,-87.52749999999997,55
Petersburg,IL,40.10469788172832,-89.9649267945781,72.2
Livingston,IL,30.49722794930744,-90.73710951856452,71
Sterling,IL,38.89993507580567,-90.00869384556356,62.4
Blandinsville,IL,40.68967953579483,-90.86550374954109,99
Shipman,IL,39.24322922173705,-89.92435694884355,53.6
Paw Paw,IL,39.97927350000002,-89.86199174999999,94
University Park,IL,40.11634000000004,-88.24860999999999,25
Breese,IL,38.457989628304354,-90.090423,57.6
Oak Lawn,IL,42.34344335437336,-88.85551944742592,45.25
Varna,IL,41.03077499999999,-89.22470625,12
Pleasant Hill,IL,38.245745873843944,-89.49178251817987,55.333333333333336
Merna,IL,40.45378239001697,-88.95606084321368,127
Manteno,IL,41.24854235168009,-88.06523488775407,90
Milledgeville,IL,41.959215295320014,-89.63209246637996,82.33333333333333
Edgewood,IL,38.397502637787305,-89.9894127306895,55.5
Waukegan,IL,42.10539750000002,-87.7989465,7.4
Bartlett,IL,39.36035250000001,-88.469595,39
Lemont,IL,41.67299400672451,-87.9995735043429,29
Minonk,IL,40.524836737870494,-90.15744281902158,22
Elwin,IL,39.778196505858915,-88.98131142366815,42.25
Downs,IL,42.26195412032946,-87.94110296011897,9.25
Vienna,IL,41.47369819780541,-87.89206685963623,41
Grand Chain,IL,37.25241611923672,-89.02251604650158,132
Carol Stream,IL,39.53513699999999,-89.237871,46.6
Western Springs,IL,39.484341000000015,-88.60561874999999,68
Hennepin,IL,41.28570818851069,-89.36658285248218,58.333333333333336
Steger,IL,41.469723000000016,-87.733386,85.4
West Union,IL,39.29796604877685,-89.28602346884014,99.5
Lawndale,IL,40.07407048733175,-87.63216299999999,34.25
Rolling Meadows,IL,38.06428866351238,-89.70270911563769,39.5
Meredosia,IL,41.72357700142911,-90.22778968972908,66.66666666666667
Grand Ridge,IL,42.380498263470365,-88.21153724045381,86.6
Simpson,IL,38.0512453373372,-90.03783179388094,79.25
Maywood,IL,40.10225292046264,-88.27015666497522,46.8
Pinckneyville,IL,38.29307907619802,-89.81264461390045,54.5
Flanagan,IL,41.44698023974182,-88.2738057638787,54.25
Midlothian,IL,42.27619134728779,-89.00973295718306,28.2
Mount Carmel,IL,40.742708686133795,-89.69807703713894,75.66666666666667
Le Roy,IL,38.097486,-88.15539375,51
Metamora,IL,40.73759598063015,-89.40263808180529,12
Raleigh,IL,39.800624280879134,-89.69899501362598,65.75
Golf,IL,29.549930000000074,34.961010000000044,58.8
Fox Valley,IL,41.737439230015255,-88.25930946633994,32.8
Bedford Park,IL,38.945074500000004,-90.1675035,75.2
New Haven,IL,41.5480607924966,-88.2062076193838,22.75
Pittsfield,IL,39.5639800483605,-90.65387722806209,34
Williamsville,IL,39.90035688230851,-89.54002949698227,74
Bowen,IL,41.514105972741774,-88.07740433850468,74.66666666666667
Palos Park,IL,41.69842042836848,-88.0989255255988,8.2
Armstrong,IL,39.346599177123174,-88.46753505996556,52.5
Smithboro,IL,38.89743000000004,-89.34074999999996,121
Sims,IL,39.6300387904627,-87.70051257998794,71.5
Gridley,IL,42.476446451806474,-89.00326853445678,63.6
Paloma,IL,41.64803593022565,-87.82487303488718,59
Athens,IL,38.8977718489431,-88.41247007068638,82.5
Hanover Park,IL,42.25519321078342,-90.2079268094747,43.75
Calumet City,IL,41.615530000000035,-87.53015999999997,7
Keenes,IL,38.33731000000006,-88.64283999999998,30.5
Forest Park,IL,39.66273900000001,-89.70514650000001,29.666666666666668
Manhattan,IL,41.69726635445338,-88.36830392506863,34.25
Annawan,IL,40.76302950000001,-89.658792,82.5
Argenta,IL,39.970174528898085,-88.82251977949774,36
Preemption,IL,41.313030000000026,-90.58088999999995,71
Camp Grove,IL,38.54814750000001,-90.19861875000001,85.5
Loves Park,IL,42.313259389692995,-89.05396398361844,79.25
Richview,IL,38.840408999999994,-89.37057375,41
Dover,IL,37.24307627244024,-89.0048025,40
South Roxana,IL,38.82785636371402,-90.0608268484844,37
Olney,IL,38.73028000000005,-88.09418999999997,13
Basco,IL,40.32782416286664,-91.16871087949569,82
Davis Junction,IL,38.65607286359129,-90.00603628410217,64.25
Kasbeer,IL,41.504620000000045,-89.46622999999994,13
Chambersburg,IL,39.988838544812815,-77.63326761435539,35
Yates City,IL,40.77864000000005,-90.01425999999998,12
Addison,IL,41.83214267293635,-87.80966672512437,46.5
La Fayette,IL,41.10809000000006,-89.97149999999993,45
East Galesburg,IL,40.935699876637536,-90.30732856850209,94
Fairfield,IL,38.59698860307218,-89.97343418833044,65.5
Macon,IL,39.62016210863363,-89.01656224040937,58.4
Oak Forest,IL,38.97364856456251,-90.15541977271856,40
Colfax,IL,39.065537552066196,-89.72245099405255,93.66666666666667
Broughton,IL,39.81088142201723,-89.67105441418863,33
Boody,IL,39.787363406115475,-89.0477595821599,58
Sciota,IL,40.58628798411157,-88.38324,95
Ashmore,IL,39.53487330347991,-88.0232168220679,66.75
Gillespie,IL,38.82354752953663,-89.53728268535961,60.5
Alma,IL,32.06057000000004,34.76173000000006,95.5
Smithfield,IL,42.376023,-87.989319,55
Hettick,IL,39.34744094942805,-89.92869916331352,57.2
Wayne City,IL,41.950540000000046,-88.24738999999994,10.5
Cortland,IL,41.74373521803757,-88.14869547258519,21.2
Orland Park,IL,41.6271226363127,-88.01718279763222,24.2
Mulkeytown,IL,38.03758665544873,-89.10461861306088,13
Edinburg,IL,41.95251823359025,-88.16040773329381,46.4
Fults,IL,37.88460450000001,-89.49451725,94
Smithshire,IL,40.775242922115254,-90.82283192694625,140
Spring Valley,IL,37.73694024482996,-89.33346353208698,12
Joliet,IL,38.56723911145723,-90.16782672056311,30
Rockwood,IL,41.836144891074596,-89.98365008103333,51.666666666666664
West Brooklyn,IL,41.69323569955978,-89.11739307686321,105.5
Mineral,IL,47.1873195,-114.87707549999999,100.5
Burbank,IL,41.570266499999995,-88.14492899999999,82.2
Eagarville,IL,39.11171000000007,-89.78397999999999,68
Saybrook,IL,42.16965995893259,-87.98837940753336,37
Cobden,IL,37.53430000000003,-89.25390999999996,69
Stonington,IL,41.365351154330114,-87.6161115,43
Keithsburg,IL,41.09945000000005,-90.93626999999998,117
Cedarville,IL,42.375178247211174,-89.41266621752841,67.8
Mascoutah,IL,38.504682,-89.88409318454836,14
Maryville,IL,42.06637382778615,-87.89494797335878,9
Sigel,IL,39.22484000000003,-88.49431999999996,68
Germantown,IL,38.60345700473811,-89.535231,82.6
Hebron,IL,42.479285754687346,-88.45716001560649,99.2
Stewardson,IL,39.26376000000005,-88.63112999999998,118
New Boston,IL,41.167404000000005,-90.99664222761444,70
Hoffman Estates,IL,42.03227250000002,-88.2662895,33
Sugar Grove,IL,40.04758344459633,-90.5695839678523,44.75
Lewistown,IL,40.39452892712567,-90.15338249999999,49.333333333333336
Galena,IL,40.49088299999999,-88.92069749999999,54.75
Techny,IL,42.11734072175014,-87.99038530500867,22.2
Ava,IL,-7.523619999999937,110.59628000000004,61.75
Flora,IL,38.35808550000001,-89.71434675,77.5
Pekin,IL,40.179592398049465,-88.78648766489032,83.2
Tovey,IL,39.59000000000003,-89.45670999999999,72
Cissna Park,IL,40.56499000000008,-87.89277999999996,12
Blue Mound,IL,40.513370000000066,-88.77895999999998,14
Metcalf,IL,38.79577727007189,-89.42809719345627,97.5
East Saint Louis,IL,38.87715156729569,-90.10497992052318,25
Dale,IL,37.680327000000005,-89.17440042114423,52.666666666666664
Oblong,IL,39.00282029333636,-87.9060374264952,14
South Wilmington,IL,39.72927000000004,-75.54434999999995,50
Batavia,IL,41.828396832203836,-88.19043175185513,7.75
Janesville,IL,41.31120000000004,-89.07202999999998,47
Hindsboro,IL,39.685946363368814,-88.13108431831559,12
Palos Heights,IL,41.69842042836848,-88.0989255255988,7.75
Brocton,IL,37.7576145,-89.104338,96.5
Gilson,IL,40.90849650000001,-90.27262574999999,82
Brookport,IL,37.12537000000003,-88.62777999999997,12
Karnak,IL,37.28991895698026,-88.89514560480796,71.33333333333333
Plainville,IL,39.78588000000008,-91.18383999999998,34
Westchester,IL,38.734713,-89.941914,53
Glendale Heights,IL,38.01173875196909,-89.66249976216596,47.6
Iuka,IL,38.54263730437345,-88.79680274535812,118
Pearl City,IL,42.282937958998914,-89.66582881700396,57.8
Steward,IL,41.71875300000001,-89.03360699999999,84.5
Virginia,IL,39.560582888167716,-89.28856026186236,63.8
Orient,IL,39.28419908586025,-89.8702335,64.4
Cornell,IL,38.6551396233245,-90.16296616163238,29.8
Karbers Ridge,IL,37.584074283791566,-88.2982958580988,118
Warsaw,IL,40.3756779346991,-91.37989967745317,78.75
Hoffman,IL,39.22775124957313,-88.4919735,69.5
Saint David,IL,40.49261000000007,-90.04892999999998,69
Sparland,IL,41.02852000000007,-89.43847999999997,12
Dana,IL,38.988573725765384,-89.1159955611805,95.66666666666667
Streamwood,IL,41.62730315326869,-87.909678029909,59.6
Forreston,IL,42.125560000000064,-89.57915999999994,13
Kirkland,IL,39.295207757826795,-89.70536838705058,41
Fox River Grove,IL,41.61180173298872,-88.54924486287925,18.2
Bardolph,IL,40.495520000000056,-90.56392999999997,118
Riverside,IL,33.969063835920934,-117.35067409455729,30.6
Riverton,IL,41.52908901244291,-87.80342420338505,61.25
Sawyerville,IL,39.085120000000074,-89.81142999999997,13
Hillside,IL,38.605391086656645,-90.04754728382373,58.333333333333336
Monticello,IL,38.68837565382729,-89.99632478376417,58
Wood River,IL,38.90765316879828,-90.08016079688502,56.25
Mozier,IL,39.31823000000003,-90.76268999999996,13
Clarendon Hills,IL,41.77399645685363,-87.95513969120137,8.2
Arcola,IL,39.682910380089,-88.31455971918577,84
Donovan,IL,41.504668382284386,-87.66246939142907,95.6
Willowbrook,IL,38.61059329609656,-89.94675733307564,54.75
Minooka,IL,41.44791881362698,-88.23467532736865,35
Arlington,IL,38.71147072551699,-87.754914,52.666666666666664
New Memphis,IL,38.480020000000025,-89.68649999999997,14
Prophetstown,IL,41.769998656290845,-89.72206869160703,28
Van Orin,IL,41.61384937775999,-89.36254344559488,117
Mc Nabb,IL,41.17677000000003,-89.20983999999999,117
Mendota,IL,41.57532462622343,-88.03093645607109,31
Liberty,IL,40.20935878460167,-88.51263416981614,84
Shelbyville,IL,39.16460161328987,-89.48236257727828,42.5
Woodstock,IL,42.08823738346146,-87.71087764256481,68.2
La Salle,IL,38.529207299852395,-89.96566568271771,39.666666666666664
Glasford,IL,40.576483027680936,-89.81380349999999,43
Anchor,IL,39.84676926123975,-89.58953884809483,131.5
Markham,IL,39.758157000000004,-90.322812,40.4
Boles,IL,37.59890990287278,-88.98067684604626,129
Cerro Gordo,IL,39.8535203566394,-88.89385165936206,37.8
Andalusia,IL,41.42018995534176,-90.81076859139048,60.6
Atlanta,IL,37.628751778916765,-88.86035836594608,69
Tamms,IL,41.69482228239655,-88.10421448805944,72.66666666666667
Fowler,IL,39.03930097478144,-90.5623991489996,14
Coffeen,IL,40.034340000000014,-87.95550985716467,85.5
Shawneetown,IL,38.012788289136054,-89.75789917755907,83.8
Kinmundy,IL,38.72975653798445,-88.84588948299583,25.666666666666668
Mount Auburn,IL,39.80982601894933,-89.26927079386994,77
Summit Argo,IL,41.785750000000064,-87.81109999999995,8
Maple Park,IL,41.91892000000007,-87.71005999999994,21
West Salem,IL,42.342525523916265,-89.77519654509314,68.66666666666667
Bonfield,IL,41.1380415,-88.04926125,68.5
Fieldon,IL,39.11689772147747,-90.35979758086572,13
Lena,IL,42.376373097527484,-89.81782460778926,81
Onarga,IL,42.00297244741169,-87.81353913861234,10
Gifford,IL,42.00005671153156,-88.24726117733022,7
Hamilton,IL,39.559157295682276,-89.35117149344192,49.75
Cisne,IL,38.51561000000004,-88.43719999999996,118
Woodson,IL,40.48913250000001,-89.046405,141
Waynesville,IL,40.240012546648934,-89.126802,64.8
North Henderson,IL,40.7491215639579,-90.90989145134066,70
Mount Erie,IL,38.51505000000003,-88.23114999999996,118
Toledo,IL,39.27150368476854,-88.2462981997503,95
Elmhurst,IL,40.685689619297584,-89.49992712882624,50.25
Humboldt,IL,38.89261377395327,-90.17050395788483,77.66666666666667
River Forest,IL,41.937671250069364,-87.92419726186168,28.666666666666668
Lostant,IL,41.13973000000004,-89.06656999999996,13
Rome,IL,42.27494850000001,-89.059905,83.66666666666667
Steeleville,IL,38.00758338564411,-89.66395364178433,42
Saint Peter,IL,39.51726421747231,-89.05920009257626,51.25
Round Lake,IL,37.71177381943481,-88.14804782961166,59.666666666666664
Groveland,IL,41.82936206657314,-87.82528959570038,61.2
Casey,IL,38.33077500000002,-89.03539693425115,52.333333333333336
Roscoe,IL,42.411805654966244,-89.08871919602953,47.75
Illinois City,IL,41.39724000000007,-90.89952999999997,11
Campus,IL,42.24510372190621,-87.83101354773864,103.5
Scales Mound,IL,42.46723000000003,-90.27151999999995,68
Vernon,IL,39.74852383509221,-89.52994411381437,52.333333333333336
Winnetka,IL,42.092615254764965,-88.03175991915747,8.2
Franklin Park,IL,40.74007000000006,-89.01270999999997,24.5
Mound City,IL,37.08860779479327,-89.16167063622443,68
Magnolia,IL,29.549930000000074,34.961010000000044,59.6
Lake Bluff,IL,40.4546625,-89.00366399999999,65.66666666666667
Literberry,IL,39.84205239262898,-90.32449932432378,112.4
Nason,IL,38.180105999999995,-88.97364,68.66666666666667
Augusta,IL,38.75867248115719,-89.66847380335662,73
Capron,IL,42.2806448290874,-88.84583607271846,96.25
Illiopolis,IL,39.85891787235183,-89.194092157553,78
Fairbury,IL,40.74374000000006,-88.51483999999994,12
Lombard,IL,41.94294312692315,-87.85972102817307,33.4
Wheeler,IL,39.201079656652894,-89.85153671512784,13
Rockbridge,IL,41.760918563522765,-88.11558361184669,39.75
Oconee,IL,39.29062404965302,-89.2232887880469,121
Laura,IL,37.7851490158764,-89.31019726777988,56.5
New Canton,IL,39.63693000000006,-91.09665999999999,13
Seatonville,IL,41.36452000000003,-89.27610999999996,117
Downers Grove,IL,41.72929252600256,-88.02184250126842,23
Wadsworth,IL,39.74729398984633,-90.254412,70
Mansfield,IL,39.110427000000016,-88.55935649999999,94.5
Putnam,IL,39.82842987830673,-90.5578335536547,66
Darien,IL,42.09169097467359,-88.32946112461963,8.8
Saint Joseph,IL,31.795690000000036,35.23155000000003,68.5
Milford,IL,40.14105838402129,-88.18292033561917,57.5
Ohlman,IL,39.316523518672106,-89.22365825998783,14
Pierron,IL,38.73687433964533,-89.51453256041215,51.666666666666664
Scottville,IL,39.501863854751704,-90.10451310304842,78.4
Utica,IL,41.35877100000001,-88.83022275,25.666666666666668
Harristown,IL,39.84609528013871,-89.04033088335517,84.33333333333333
Joy,IL,31.783280000000047,35.21790000000004,66.2
Niles,IL,41.93743116976672,-87.98132418281432,33
Buffalo Grove,IL,42.13041921804599,-87.961041,30
Toulon,IL,42.164059500000015,-87.8085585,48.2
Harvey,IL,38.879504999999995,-90.0803655,51
Ransom,IL,41.16668052201556,-88.49955157157736,46.333333333333336
Villa Ridge,IL,38.642589337896304,-90.00733155205333,78.66666666666667
Buckner,IL,39.805632,-88.28291249084259,29.25
Cambria,IL,37.838493228110416,-89.13805824683179,35.2
Rutland,IL,42.03092250000002,-88.04029499999999,46
Skokie,IL,42.07067549999999,-87.74796599999999,7.6
Dixon,IL,38.93850858392682,-90.23108566837972,73.75
Saint Charles,IL,41.968310367952846,-88.29715073844743,32.25
Leonore,IL,39.90075406541278,-88.96657485237029,107.5
Ottawa,IL,39.164960360045804,-89.64440305590509,69.25
Berwyn,IL,42.444047527643754,-88.22435865041072,34.4
Bunker Hill,IL,39.8628447301603,-90.18323414685406,58.8
Newman,IL,39.13392801046898,-88.5499389030551,63.666666666666664
Sutter,IL,40.514958023011175,-88.89767278468165,105.5
Lowpoint,IL,40.882955568471004,-89.34309570453547,61.5
Piasa,IL,38.89466387407115,-90.18616561259289,54.333333333333336
East Alton,IL,38.34112575114819,-89.38073348715899,42
Polo,IL,31.989840000000072,34.77391000000006,32.6
Belknap,IL,37.343009145570065,-88.91445476989057,52
Canton,IL,41.67915361422357,-88.33143863534403,34
Fairmount,IL,41.550434190546504,-88.06123749437356,34.25
Tallula,IL,39.94450000000006,-89.93474999999995,71
Alexis,IL,41.628138648078064,-87.89131213589593,43.5
Crossville,IL,38.16157000000004,-88.06463999999994,68
Arenzville,IL,39.946404758672266,-90.39034532449394,68.8
Elmwood,IL,37.90987978150574,-89.76961728532771,73.75
Wauconda,IL,42.28153835074096,-88.22427857294512,56.666666666666664
Tonica,IL,40.19961586359594,-89.69637554658989,54
Mode,IL,39.267040000000065,-88.73138999999998,98.5
Godfrey,IL,38.98845234213724,-90.2131159927309,38.6
Thompsonville,IL,37.9657097196112,-88.75724778165201,50.333333333333336
Kenilworth,IL,42.062058,-88.01653958780629,8.75
Saunemin,IL,40.891110000000026,-88.40396999999996,12
Rochelle,IL,41.902474500000004,-88.0211655,41
Cairo,IL,37.05226194112674,-89.18427600161296,54.666666666666664
Melrose Park,IL,40.12860599999999,-88.22205,27.75
Oreana,IL,39.93744000000004,-88.86614999999995,45
Jacksonville,IL,30.42794843282233,-81.77094541736976,34.666666666666664
Sullivan,IL,42.32650499999999,-90.02229750000001,58.25
La Harpe,IL,41.33873429123725,-89.09010787378294,14
Verona,IL,39.95768250000002,-91.33524675000001,66.25
Wheeling,IL,42.08197516711241,-87.92720611472264,8
Bushnell,IL,40.41139181076467,-90.83852453908061,64.75
East Moline,IL,41.5530181650356,-87.84332876232162,24.4
Peru,IL,41.35769343914431,-89.2701774384536,41.5
Ridgway,IL,38.71946872862005,-88.08326303595264,88.5
Mc Connell,IL,42.295157285572415,-88.40372763002676,81
Braceville,IL,41.22988718738173,-88.27900823480388,52.5
Urbana,IL,37.29666438196442,-88.98440434983054,38.5
Elwood,IL,40.08373149690891,-89.74895781242272,70.25
Troy,IL,38.71089182036271,-89.9382087525671,66.75
Sidney,IL,38.89246950000002,-90.1473345,66.2
Grant Park,IL,41.87948000000006,-87.61893999999995,56.4
Payson,IL,39.89743267953133,-91.35816890760056,37.2
Malden,IL,41.81754722212012,-87.88332124847652,24
Lisle,IL,38.612915884207624,-89.11654379478178,12.666666666666666
Benton,IL,37.81616980593869,-88.43084058323775,60
Gardner,IL,38.33220150000001,-90.1488015,55.5
Savanna,IL,40.451218058301656,-89.03063244112964,54.25
Serena,IL,41.45318101051305,-88.29496063670497,78
Macedonia,IL,38.03697216669001,-88.7058225289901,47.6
Huntley,IL,41.56941611409565,-88.27901577612116,41.5
Hardin,IL,42.303709053601914,-93.29730513960988,82.5
Crescent City,IL,29.416122116285614,-81.63789003662447,32
Romeoville,IL,41.63996223308053,-88.08632620434601,80
Savoy,IL,38.60098225102831,-89.86696728029395,59
Roanoke,IL,39.81003370990278,-89.69928511692257,57
Shobonier,IL,38.86730000000006,-89.08621999999997,117
Bishop Hill,IL,39.32748052711625,-90.20620720888775,72.66666666666667
Norris,IL,39.51198691140009,-89.78608998842854,51.333333333333336
Creve Coeur,IL,41.34550781737856,-89.10467652741634,61.75
Medora,IL,39.01280231853195,-90.34147349999999,31.5
Westmont,IL,42.42550516019307,-89.32783499626488,48.4
Sidell,IL,40.14072273312047,-87.6200633335831,131.5
Essex,IL,40.83264120694804,-95.30421904315148,63.75
Fort Sheridan,IL,42.21087000000006,-87.80654999999996,42.5
Bourbonnais,IL,41.206418862140005,-87.9076416225889,35.333333333333336
Hume,IL,41.561586000000005,-89.10505574999999,122
Esmond,IL,42.03569583689146,-88.93713731168248,81.33333333333333
Milton,IL,38.710035000000005,-90.117441,58
Schiller Park,IL,38.81811000981821,-89.97272850245454,39.5
Leaf River,IL,42.10569740712269,-89.40370880568123,64
Malta,IL,42.00785244092954,-88.87823918946545,63.333333333333336
Ozark,IL,37.55261611604967,-88.66238144164113,139.5
Prospect Heights,IL,38.53321458715818,-89.96929840616869,72
Northbrook,IL,38.14607953963348,-89.70749204973501,37.25
Chebanse,IL,41.002666131290056,-87.91473348581827,94.66666666666667
Carpentersville,IL,39.805750000000046,-86.80314999999996,9.5
Chrisman,IL,39.80025335158892,-87.67892183416313,37.8
Elizabeth,IL,38.41972200000001,-89.90729549999999,47.4
Hecker,IL,42.04187301381359,-88.24599986156132,52.2
Golconda,IL,37.36629237104477,-88.48550615996749,62.333333333333336
Donnellson,IL,39.02792400000001,-89.49685298944473,121
Cottage Hills,IL,41.96357550000001,-88.313229,61.25
Sublette,IL,41.64276135573264,-89.35316236197292,93
Golden,IL,38.596299101251766,-90.11145289562502,55.8
Maunie,IL,38.03753000000006,-88.04712999999998,47
Ullin,IL,37.286077586296344,-89.17508315310857,73.75
New Holland,IL,40.186660000000074,-89.58048999999994,70
Saint Augustine,IL,40.61312000000004,-78.57834999999994,12.75
Wood Dale,IL,41.98119932642119,-87.97987645305685,24.2
Virden,IL,38.919333256942586,-90.18763142090104,73
Astoria,IL,40.46427452305901,-88.92294529021372,49
Energy,IL,32.27400000000006,34.912060000000054,57.8
Altamont,IL,37.19269839741995,-95.2929135,102.66666666666667
Ogden,IL,38.40528547302547,-87.75235924805784,31.333333333333332
Brimfield,IL,40.84484645629188,-89.88679518875679,58.333333333333336
Villa Grove,IL,38.642589337896304,-90.00733155205333,99.25
Geneseo,IL,41.449288492271386,-90.16113176303719,51
Westville,IL,40.02789598322305,-87.64052629005596,32
Madison,IL,38.32878807002642,-89.18737995829326,69
Rio,IL,40.682668136671154,-89.49933397283988,86
Albion,IL,42.00037028567855,-87.82631490130068,37.2
Shumway,IL,39.554207372176805,-89.30274299999999,73
Elburn,IL,41.89225000000005,-88.46564999999998,53.25
Kansas,IL,39.55114316591304,-87.93658908365302,67.2
Osco,IL,41.31316479644734,-90.28109853255054,59
Big Rock,IL,41.67126039938149,-88.52949203825723,30
Rockton,IL,42.14495284849841,-88.45766127551138,64.25
Itasca,IL,41.970447,-87.961365,8.75
Brighton,IL,39.04331400000001,-89.9561745,33.333333333333336
Lake Villa,IL,42.418136152950936,-88.07731551551649,58.666666666666664
Jacob,IL,37.820745,-89.22119624999999,58.5
Hanna City,IL,40.69171000000006,-89.79285999999996,11
Pana,IL,23.08140000000003,89.91985000000005,43
Wilmette,IL,40.50884254696448,-89.00302512683754,16
Oquawka,IL,40.93213000000003,-90.94772999999998,11
Chapin,IL,39.75533256824062,-90.46101547017167,85.25
Latham,IL,38.0999475,-88.3335285,63.25
Red Bud,IL,38.552346000000014,-89.89362675290124,53
Versailles,IL,42.10517250000001,-87.91787249999999,25.2
Butler,IL,37.43185159064022,-88.53610914128203,57.666666666666664
Havana,IL,40.292973125164586,-90.06768247366506,53.6
Lexington,IL,42.3157699438806,-89.07136993060767,57.5
Hopkins Park,IL,41.072616963374045,-87.60095870794044,88.33333333333333
Des Plaines,IL,41.8916745,-87.8336505,25.6
Morrisonville,IL,39.42188852513465,-89.61626234139452,57.75
Dalzell,IL,41.355026898464565,-89.1644428369231,104.8
Marissa,IL,41.71593963861586,-87.93145895476304,69
Elmwood Park,IL,42.332160000000044,-89.06316999999996,11.25
Hudson,IL,39.06363457987696,-90.0633150026877,73
Earlville,IL,41.6184491851448,-88.92880262062279,93
Little York,IL,41.01099000000005,-90.74565999999999,45
Cordova,IL,41.841967950047064,-88.0919237181982,65.6
Fidelity,IL,39.12484842531722,-90.31137567900933,68
De Soto,IL,39.811373999999994,-88.89724799999999,62
Park Ridge,IL,42.01452000000006,-87.98929999999996,38.6
Poplar Grove,IL,42.28055976285941,-88.84841430776788,96.66666666666667
Elvaston,IL,40.39358982759314,-91.24889759811944,48.5
Springerton,IL,38.17946000000006,-88.35355999999996,118
Armington,IL,40.339854,-89.27347289258182,125
Bradley,IL,38.59286244568355,-89.92536632176599,12.5
Fairview,IL,38.519927237494976,-90.0140331090586,99
Hinsdale,IL,41.80069699765621,-87.9374314005909,30.8
Apple River,IL,42.374317916130465,-90.13701836717762,44
Spring Grove,IL,42.016378123041065,-88.25271332994454,75.5
La Grange,IL,41.58558829393057,-87.85210878053579,37.6
Lacon,IL,40.745485095142875,-88.40867005657033,52.5
Hometown,IL,41.59208554794701,-88.2166119507019,33.333333333333336
Good Hope,IL,42.232513029387,-90.05966282436239,53
Ashland,IL,38.61298577454571,-89.39736669273914,49.8
Du Quoin,IL,37.99344134746037,-88.92903774717519,52.6
Greenview,IL,38.74241702420793,-87.56078299973102,71.33333333333333
Mattoon,IL,39.6036675,-88.1057295,42.5
Graymont,IL,40.878400000000056,-88.77709999999996,117
Kewanee,IL,41.96620723834524,-87.73206009958996,10
Carbondale,IL,37.70978426117539,-89.21456178425349,30.8
Bismarck,IL,46.83929563505567,-100.74879462637169,118.33333333333333
Davis,IL,32.06388000000004,34.780340000000024,69.8
Zion,IL,38.560550909961805,-89.00310276590619,51.5
Hartford,IL,37.812384,-88.66536074999999,69
Wedron,IL,41.44069522230564,-88.85003796633559,128
Libertyville,IL,42.28782000000007,-87.95229999999998,7
Andover,IL,40.46743810325722,-88.94366966587897,57.4
Ellsworth,IL,41.92635003866656,-87.9740505,9.5
Barrington,IL,40.093835579339824,-88.29041171504447,55.4
Knoxville,IL,41.22931507140154,-90.43623872054533,57.666666666666664
Cuba,IL,42.176051669448356,-88.15294914433979,25.6
Tolono,IL,39.99079000000006,-88.26153999999997,12
Dorsey,IL,40.12807217600441,-88.26397356163874,54.5
Cropsey,IL,41.83337504930797,-89.51041900211243,68
Summerfield,IL,38.60976540832566,-89.81513587771147,60.4
Trenton,IL,39.893985000000015,-89.61347844019832,69.2
